{"cameraMode":{"drawMode":0,"name":"Shaded","section":"Shading Mode"},"sceneLighting":false,"audioPlay":false,"sceneViewState":{"showFog":true,"showMaterialUpdate":false,"showSkybox":false,"showFlares":true,"showImageEffects":true,"showParticleSystems":true},"in2DMode":false,"pivot":{"x":0.0329052209854126,"y":1.3400001525878907,"z":-0.016948342323303224},"rotation":{"x":-0.12637770175933839,"y":0.1971064656972885,"z":-0.02563784271478653,"w":-0.9718805551528931},"size":4.159612655639648,"orthographic":false}